Species Name,Specimen ID,Gene Marker,Sequence Length (bp),Sequence,Source Method,Province,Municipality,Sequencing platform,Sequence Database,External Accession,Validation Status of CO1 Sequences,Publication DOI
Conus eburneus,856252_CE1,Unavailable,Unavailable,Unavailable,Unavailable,Cebu,Caw-oy,Novaseq6000,Unavailable,Unavailable,Unavailable,https://doi.org/10.3389/fmars.2025.1616692
Conus eburneus,856252_CE2,Unavailable,Unavailable,Unavailable,Unavailable,Cebu,Caw-oy,Novaseq6000,Unavailable,Unavailable,Unavailable,"https://doi.org/10.3390/md18100503, https://doi.org/10.1002/psc.3179"
Conus imperialis,853932_CI1,COI,598,TATTAAAATTCCGATCAGTTAGAAGCATAGTAATAGCTCCAGCCAAGACAGGCAAAGACAGAAGAAGTAAAATAGCTGTGATTTTTACTGACCACACAAAAAGAGAAAGCCGTTCAAATTTTATTCCCTGTCACCGCATATTAATGATTGTAGTAATAAAATTTACCGCTCCTAAAATAGAAGAAACACCTGCAAGGTGTAGAGAAAAAATTGCTAAATCTACAGAACCGCCGGCATGCGCCAAGTTTCCCGCTAAAGGTGGATACACAGTTCATCCTGTTCCTACCCCCCTCTCTACGGCAGCTGAAGATAGAAGAAGCAATAATGCAGGAGGAAGTAACCAGAAACTTATATTATTCAATCGTGGAAATACCATATCCGGGGCCCCTAACATTAAAGGCACCAATCAGTTTCCAAACCCTCCAATCATTATCGGTATAACTAAAAAAAAAATTATTACAAACGCATGTGCTGTTACAATCACGTTGTATAGCTGGTCATCCCCAAGTAAGGCACCAGGTTGCCCTAATTCCGCACGGATTAGAAGCCTTAAAGCGGTCCCAACCAGCCCTGATCATATACCAAATAAAATATACAA,Transcriptome-derived,Cebu,Caw-oy,NextSeq500,In-house database,Unavailable,Putative,Under Review
Conus tessulatus,856256_CT1,Unavailable,Unavailable,Unavailable,Unavailable,Cebu,Caw-oy,HiSeq 2000,Unavailable,Unavailable,Unavailable,https://doi.org/10.3389/fmars.2025.1616692
Conus mustelinus,852344_CM1,Unavailable,Unavailable,Unavailable,Unavailable,Cebu,Caw-oy,HiSeq 2000,Unavailable,Unavailable,Unavailable,https://doi.org/10.3390/md23070266
Conus miles,852343 _CM1,Unavailable,Unavailable,Unavailable,Transcriptome-derived,Marinduque,Buenavista,HiSeq 2000,Unavailable,Unavailable,Putative,https://doi.org/10.3390/md23070266
Conus capitaneus,852340_CC1,Unavailable,Unavailable,Unavailable,Transcriptome-derived,Cebu,Caw-oy,HiSeq 2000,Unavailable,Unavailable,Putative,https://doi.org/10.3390/md23070266
Conus magus,215429_CM1,Unavailable,Unavailable,Unavailable,Unavailable,Marinduque,Buenavista,HiSeq 2000,Unavailable,Unavailable,Unavailable,Unpublished
Conus striolatus,428368_CS1,Unavailable,Unavailable,Unavailable,Unavailable,Marinduque,Buenavista,HiSeq 2000,Unavailable,Unavailable,Unavailable,Unpublished
Conus stercusmuscarum,428363_CS1,Unavailable,Unavailable,Unavailable,Unavailable,Marinduque,Buenavista,HiSeq 2000,Unavailable,Unavailable,Unavailable,Unpublished
Conus rolani,843072 _CR1,Unavailable,Unavailable,Unavailable,Unavailable,Cebu,Sogod,HiSeq 2500,Unavailable,Unavailable,Unavailable,https://doi.org/10.54645/202417SupQCH-42
Conus tribblei,853645 _CT1,Unavailable,Unavailable,Unavailable,Unavailable,Cebu,Sogod,HiSeq 2000,Unavailable,Unavailable,Unavailable,https://doi.org/10.1093/molbev/msae120
Conus lenavati,853642_CL1,COI,667,"GACATTGTATATTTTATTCGGAATATGATCGGGGTTGGTTGGTACCGCCTTAAGGTTATTAATTCGTGCG GAATTAGGGCAGCCTGGTGCTCTGCTTGGAGATGATCAATTATATAATGTAATTGTGACAGCACACGCTT TTGTTATAATTTTCTTTTTAGTTATGCCTATGATGATTGGGGGGTTTGGAAATTGGTTGGTACCTCTTAT ATTAGGGGCTCCAGATATAGTTTTTCCTCGTTTAAATAATATGAGTTTTTGGCTTCTTCCTCCTGCATTG TTGCTCCTTTTATCATCAGCAGCGGTGGAAAGAGGAGTTGGTACAGGATGGACAGTATACCCTCCTTTGG CAGGGAATTTAGCTCATGCTGGAGGTTCTGTGGATCTAGCGATTTTTTCTCTTCATCTTGCTGGAGTTTC CTCTATTTTAGGTGCGGTGAATTTTATTACTACGATTATTAATATGCGATGACAAGGTATAAAATTTGAA CGTCTTTCATTGTTTGTGTGATCTGTAAAAATTACTGCTATTTTACTTCTTTTATCTCTACCTGTATTGG CAGGCGCTATTACTATGCTTTTGACTGATCGAAATTTTAATACTGCTTTCTTTGATCCAGCAGGAGGTGG CGATCCTATTTTATATCAACACTTGTTC""",PCR-based,Cebu,Sogod,HiSeq 2000,GenBank,KR336542,Validated,https://doi.org/10.1093/gbe/evv109
Conus tribblei,853645 _CT2,COI,668,"GACATTGTATATTTTATTTGGGATGTGATCAGGGTTGGTTGGTACTGCCTTGAGCCTGTTAATTCGTGCG GAATTGGGGCAGCCTGGTGCCCTGCTTGGGGATGATCAATTATATAATGTAATTGTGACAGCACATGCTT TTGTTATAATTTTCTTTTTAGTGATGCCTATGATGATTGGGGGATTTGGAAATTGATTGGTGCCTCTTAT GTTAGGGGCTCCAGATATGGTTTTTCCTCGTTTAAACAATATAAGTTTTTGACTTCTTCCGCCTGCATTG CTACTTCTTTTATCGTCTGCAGCAGTAGAAAGAGGGGTTGGTACAGGATGGACAGTGTATCCTCCGCTAG CGGGGAATTTAGCCCATGCTGGGGGTTCTGTGGACCTAGCGATTTTTTCTCTTCATCTTGCTGGGGTTTC TTCTATTCTGGGTGCGGTGAATTTTATCACTACAATTATTAATATGCGATGACAGGGCATAAAATTTGAA CGTCTTTCATTGTTTGTGTGGTCTGTAAAGATTACTGCTATTTTACTTCTTTTATCTCTACCTGTATTAG CAGGTGCAATTACTATGCTTTTAACTGATCGAAATTTTAATACCGCTTTCTTTGATCCGGCAGGGGGTGG TGATCCTATTTTGTATCAGCATTTGTTT """,PCR-based,Cebu,Sogod,HiSeq 2000,GenBank,"KR107517, KR107520, KR107518",Validated,https://doi.org/10.1093/gbe/evv109
Conus geographus,845894_CG1,COI,Unavailable,Unavailable,Unavailable,Cebu,Caw-oy,NovaSeq 6000,Unavailable,Unavailable,Unavailable,https://doi.org/10.1093/molbev/msae120
Conus gloriamaris,843253 _CG1,COI,Unavailable,Unavailable,Unavailable,Bohol,Panglao,HiSeq 2000,Unavailable,Unavailable,Unavailable,https://doi.org/10.3390/md15050145
Conus bandanus,836797_CB1,COI,682,"AAACCAAAACAAGTGCTGATATAAAATAGGATCACCACCTCCTGCCGGATCAAAAAAAGCAGTATTGAAATTCCGATCAGTCAAAAGTATAGTAATTGCACCGGCCAATACAGGTAAAGACAAAAGAAGTAAAATTGCTGTAATTTTCACAGATCAGACAAACAACGAAAGACGTTCAAATTTTATTCCCTGTCATCGTATATTAATAATTGTAGTAATAAAATTTACTGCCCCTAAAATAGAAGAAACACCAGCAAGATGTAAAGAAAAAATTGCTAGGTCTACTGACCCACCAGCATGTGCTAGATTTCCAGCTAATGGCGGATACACAGTTCACCCCGTACCCACTCCACTTTCTACCGCAGCAGATGACAAAAGAAGCAAAAGTGCAGGAGGTAATAATCAAAAACTTATATTATTTAAACGTGGAAATACCATATCCGGAGCCCCTAATATTAATGGTACTAATCAATTCCCAAAACCCCCAATCATTATAGGCATCACTAAGAAAAAAATTATAACAAAAGCATGAGCTGTTACAATTACATTATATAGTTGATCGTCCCCAAGCAAAGCACCTGGTTGCCCTAACTCTGCACGAATTAACAACCTGAGAGCAGTTCCAACCAAACCAGATCACATTCCAAATAAAATATATAATGTCCCAATATCTTTATGGTT """,Transcriptome-derived,Cebu,Caw-oy,Novaseq6000,In-house database,Unavailable,Putative,Unpublished
Conus stercusmuscarum,428363_CS2,COI,709,AATCATAAAGATATTGGTACACTATATATTTTATTTGGGATATGATCAGGCCTGGTAGGGACTGCTTTAAGGCTATTAATTCGTGCAGAGTTAGGACAGCCAGGTGCATTGCTAGGAGATGATCAACTATATAATGTAATTGTGACGGCGCATGCTTTTGTTATAATCTTCTTTTTGGTAATGCCTATGATGATTGGGGGTTTTGGAAACTGGTTGGTACCTTTAATATTAGGGGCTCCAGATATAGTATTTCCTCGTTTAAACAATATGAGTTTTTGGCTTCTCCCTCCTGCGCTCTTACTCCTTTTGTCTTCGGCTGCGGTAGAAAGTGGGGTAGGAACTGGATGAACTGTATATCCGCCTCTGGCAGGGAATCTTGCTCATGCTGGTGGCTCTGTAGATCTTGCAATTTTTTCTTTACACCTTGCTGGAGTATCTTCTATTTTAGGGGCGGTAAACTTTATCACTACAATCATTAATATACGATGACAAGGAATGAAGTTTGAGCGTCTTTCGTTGTTTGTTTGGTCAGTGAAGATCACGGCAATCTTGCTTCTTTTGTCTCTGCCTGTTTTAGCCGGAGCCATTACTATGCTTTTAACTGATCGAAATTTTAATACTGCTTTTTTCGATCCAGCAGGAGGTGGTGACCCTATTTTATATCAGCATCTTTTTTGGTTTTTTGGGCATCCGGAAGTATATATTTTGA,Transcriptome-derived,Cebu,Caw-oy,Novaseq6000,In-house database,Unavailable,Putative,Unpublished
Conus flavus,848247_CF1,COI,719,AATCATAAAGATATTGGGACATTGTATATTTTATTTGGGATATGATCTGGTTTAGTTGGAACGGCTTTAAGGTTATTAATTCGTGCAGAGTTAGGACAGCCGGGGGCTTTACTTGGAGACGATCAGCTATATAATGTAATTGTAACAGCCCATGCTTTTGTTATAATTTTTTTTTTAGTAATACCTATAATGATTGGGGGTTTTGGAAATTGACTGGTACCGTTAATGTTAGGGGCTCCAGATATAGTGTTTCCTCGTTTGAATAATATAAGTTTTTGGCTTCTTCCTCCGGCGCTTTTACTTCTCTTATCATCAGCTGCGGTAGAAAGTGGAGTGGGTACGGGATGAACTGTGTATCCACCTTTGGCTGGAAATTTAGCTCATGCCGGTGGTTCTGTAGATTTGGCGATTTTTTCTTTACATCTTGCTGGGGTGTCTTCTATTTTAGGTGCGGTGAATTTCATTACCACGATTATTAATATGCGATGACAGGGAATAAAATTTGAGCGCCTTTCTTTGTTTGTCTGATCAGTAAAAATTACGGCTATTTTACTTCTTTTGTCTTTGCCTGTATTAGCGGGTGCTATTACTATGCTTTTAACCGATCGAAATTTTAATACTGCCTTTTTTGATCCAGCAGGAGGTGGTGATCCAATCTTGTATCAACACTTGTTTTGATTTTTTGGACATCCAGAAGTATATATTTTAATTTTACCTGG,Transcriptome-derived,Cebu,Caw-oy,Novaseq6000,In-house database,Unavailable,Putative,Unpublished